issue_id,magazine,year,month,issue_label,source,listing_type,observed_on,title,condition,stock,price_jpy,is_set,set_size,unit_price_jpy,is_extra,matched_issue,url
world_boxing-1998-02,ワールドボクシング,1998,2,1998年2月号,surugaya,asking,2026-09-04,ワールド・ボクシング VOL.17 No.2 1998年2月号,,品切れ,240,0,1,240,0,1,https://www.suruga-ya.jp/product/detail/ZSARE4122?tenpo_cd=
world_boxing-1999-07,ワールドボクシング,1999,7,1999年7月号,surugaya,asking,2026-09-04,World Boxing ワールド・ボクシング No.207 1999年7月号,,品切れ,240,0,1,240,0,1,https://www.suruga-ya.jp/product/detail/ZSARE2367?tenpo_cd=
world_boxing-1999-05,ワールドボクシング,1999,5,1999年5月号,surugaya,asking,2026-09-04,World Boxing ワールド・ボクシング No.205 1999年5月号,,品切れ,240,0,1,240,0,1,https://www.suruga-ya.jp/product/detail/ZSARE2365?tenpo_cd=
world_boxing-1999-10,ワールドボクシング,1999,10,1999年10月号,surugaya,asking,2026-09-04,World Boxing ワールド・ボクシング No.210 1999年10月号,,品切れ,240,0,1,240,0,1,https://www.suruga-ya.jp/product/detail/ZSARE4120?tenpo_cd=
world_boxing-1999-06,ワールドボクシング,1999,6,1999年6月号,surugaya,asking,2026-09-04,World Boxing ワールド・ボクシング No.206 1999年6月号,,品切れ,240,0,1,240,0,1,https://www.suruga-ya.jp/product/detail/ZSARE2366?tenpo_cd=
world_boxing-2000-10,ワールドボクシング,2000,10,2000年10月号,surugaya,asking,2026-09-04,World Boxing ワールド・ボクシング No.222 2000年10月号,,品切れ,240,0,1,240,0,1,https://www.suruga-ya.jp/product/detail/ZSARE2377?tenpo_cd=
world_boxing-1999-12,ワールドボクシング,1999,12,1999年12月号,surugaya,asking,2026-09-04,World Boxing ワールド・ボクシング No.212 1999年12月号,,品切れ,240,0,1,240,0,1,https://www.suruga-ya.jp/product/detail/ZSARE2368?tenpo_cd=
world_boxing-1999-04,ワールドボクシング,1999,4,1999年4月号,surugaya,asking,2026-09-04,World Boxing ワールド・ボクシング No.204 1999年4月号,,品切れ,240,0,1,240,0,1,https://www.suruga-ya.jp/product/detail/ZSARE2364?tenpo_cd=
world_boxing-2000-11,ワールドボクシング,2000,11,2000年11月号,surugaya,asking,2026-09-04,World Boxing ワールド・ボクシング No.223 2000年11月号,,品切れ,240,0,1,240,0,1,https://www.suruga-ya.jp/product/detail/ZSARE2378?tenpo_cd=
world_boxing-2000-08,ワールドボクシング,2000,8,2000年8月号,surugaya,asking,2026-09-04,World Boxing ワールド・ボクシング No.220 2000年8月号,,品切れ,240,0,1,240,0,1,https://www.suruga-ya.jp/product/detail/ZSARE2375?tenpo_cd=
world_boxing-1995-02,ワールドボクシング,1995,2,1995年2月号,surugaya,asking,2026-09-04,世界名ボクサー究極の100人 ワールドボクシング1995年2月号増刊,,品切れ,240,0,1,240,1,1,https://www.suruga-ya.jp/product/detail/ZSARE25313?tenpo_cd=
world_boxing-1995-05,ワールドボクシング,1995,5,1995年5月号,surugaya,asking,2026-09-04,グレイシー 柔術ULTIMATEの一冊 ワールドボクシング1995年5月号増刊,,品切れ,240,0,1,240,1,1,https://www.suruga-ya.jp/product/detail/ZSARE6362?tenpo_cd=
boxing_magazine-2001-10,ボクシング・マガジン,2001,10,2001年10月号,surugaya,asking,2026-09-04,ボクシングマガジン 2001/10,,品切れ,240,0,1,240,0,1,https://www.suruga-ya.jp/product/detail/ZSARE1196?tenpo_cd=
boxing_magazine-1996-05,ボクシング・マガジン,1996,5,1996年5月号,surugaya,asking,2026-09-04,ボクシングマガジン NO.339 1996年5月号,,品切れ,240,0,1,240,0,1,https://www.suruga-ya.jp/product/detail/ZSARE2339?tenpo_cd=
boxing_magazine-1999-10,ボクシング・マガジン,1999,10,1999年10月号,surugaya,asking,2026-09-04,ボクシングマガジン 1999/10,,品切れ,240,0,1,240,0,1,https://www.suruga-ya.jp/product/detail/ZSARE257?tenpo_cd=
boxing_magazine-1996-11,ボクシング・マガジン,1996,11,1996年11月号,surugaya,asking,2026-09-04,ボクシングマガジン 1996/11,,品切れ,240,0,1,240,0,1,https://www.suruga-ya.jp/product/detail/ZSARE282?tenpo_cd=
boxing_magazine-2001-11,ボクシング・マガジン,2001,11,2001年11月号,surugaya,asking,2026-09-04,ボクシングマガジン 2001/11,,品切れ,240,0,1,240,0,1,https://www.suruga-ya.jp/product/detail/ZSARE1197?tenpo_cd=
boxing_magazine-2001-03,ボクシング・マガジン,2001,3,2001年3月号,surugaya,asking,2026-09-04,ボクシングマガジン 2001/3,,品切れ,240,0,1,240,0,1,https://www.suruga-ya.jp/product/detail/ZSARE274?tenpo_cd=
boxing_magazine-2001-09,ボクシング・マガジン,2001,9,2001年9月号,surugaya,asking,2026-09-04,ボクシングマガジン 2001/09,,品切れ,240,0,1,240,0,1,https://www.suruga-ya.jp/product/detail/ZSARE1195?tenpo_cd=
boxing_magazine-1999-11,ボクシング・マガジン,1999,11,1999年11月号,surugaya,asking,2026-09-04,ボクシングマガジン 1999/11,,品切れ,240,0,1,240,0,1,https://www.suruga-ya.jp/product/detail/ZSARE258?tenpo_cd=
boxing_magazine-1996-10,ボクシング・マガジン,1996,10,1996年10月号,surugaya,asking,2026-09-04,ボクシングマガジン 1996/10,,品切れ,240,0,1,240,0,1,https://www.suruga-ya.jp/product/detail/ZSARE281?tenpo_cd=
boxing_magazine-2001-04,ボクシング・マガジン,2001,4,2001年4月号,surugaya,asking,2026-09-04,ボクシングマガジン 2001/4,,品切れ,240,0,1,240,0,1,https://www.suruga-ya.jp/product/detail/ZSARE275?tenpo_cd=
boxing_magazine-2001-12,ボクシング・マガジン,2001,12,2001年12月号,surugaya,asking,2026-09-04,ボクシングマガジン 2001/12,,品切れ,240,0,1,240,0,1,https://www.suruga-ya.jp/product/detail/ZSARE1198?tenpo_cd=
boxing_magazine-2000-09,ボクシング・マガジン,2000,9,2000年9月号,surugaya,asking,2026-09-04,ボクシングマガジン 2000/9,,品切れ,240,0,1,240,0,1,https://www.suruga-ya.jp/product/detail/ZSARE268?tenpo_cd=
boxing_magazine-1996-09,ボクシング・マガジン,1996,9,1996年9月号,surugaya,asking,2026-09-04,ボクシングマガジン 1996/9,,品切れ,240,0,1,240,0,1,https://www.suruga-ya.jp/product/detail/ZSARE280?tenpo_cd=
boxing_magazine-2000-08,ボクシング・マガジン,2000,8,2000年8月号,surugaya,asking,2026-09-04,ボクシングマガジン 2000/8,,品切れ,240,0,1,240,0,1,https://www.suruga-ya.jp/product/detail/ZSARE267?tenpo_cd=
boxing_magazine-1997-03,ボクシング・マガジン,1997,3,1997年3月号,surugaya,asking,2026-09-04,ボクシングマガジン 1997/3,,品切れ,240,0,1,240,0,1,https://www.suruga-ya.jp/product/detail/ZSARE247?tenpo_cd=
boxing_magazine-1997-07,ボクシング・マガジン,1997,7,1997年7月号,surugaya,asking,2026-09-04,ボクシングマガジン 1997/7,,品切れ,240,0,1,240,0,1,https://www.suruga-ya.jp/product/detail/ZSARE251?tenpo_cd=
boxing_magazine-1997-08,ボクシング・マガジン,1997,8,1997年8月号,surugaya,asking,2026-09-04,ボクシングマガジン 1997/8,,品切れ,240,0,1,240,0,1,https://www.suruga-ya.jp/product/detail/ZSARE252?tenpo_cd=
boxing_magazine-2000-12,ボクシング・マガジン,2000,12,2000年12月号,surugaya,asking,2026-09-04,ボクシングマガジン 2000/12,,品切れ,240,0,1,240,0,1,https://www.suruga-ya.jp/product/detail/ZSARE271?tenpo_cd=
boxing_magazine-1997-04,ボクシング・マガジン,1997,4,1997年4月号,surugaya,asking,2026-09-04,ボクシングマガジン 1997/4,,品切れ,240,0,1,240,0,1,https://www.suruga-ya.jp/product/detail/ZSARE248?tenpo_cd=
boxing_magazine-2000-06,ボクシング・マガジン,2000,6,2000年6月号,surugaya,asking,2026-09-04,ボクシングマガジン 2000/6,,品切れ,240,0,1,240,0,1,https://www.suruga-ya.jp/product/detail/ZSARE265?tenpo_cd=
boxing_magazine-2000-10,ボクシング・マガジン,2000,10,2000年10月号,surugaya,asking,2026-09-04,ボクシングマガジン 2000/10,,品切れ,240,0,1,240,0,1,https://www.suruga-ya.jp/product/detail/ZSARE269?tenpo_cd=
boxing_magazine-1996-06,ボクシング・マガジン,1996,6,1996年6月号,surugaya,asking,2026-09-04,ボクシングマガジン 1996/6,,品切れ,240,0,1,240,0,1,https://www.suruga-ya.jp/product/detail/ZSARE277?tenpo_cd=
boxing_magazine-1997-01,ボクシング・マガジン,1997,1,1997年1月号,surugaya,asking,2026-09-04,ボクシングマガジン 1997/1,,品切れ,240,0,1,240,0,1,https://www.suruga-ya.jp/product/detail/ZSARE245?tenpo_cd=
boxing_magazine-1997-09,ボクシング・マガジン,1997,9,1997年9月号,surugaya,asking,2026-09-04,ボクシングマガジン 1997/9,,品切れ,240,0,1,240,0,1,https://www.suruga-ya.jp/product/detail/ZSARE253?tenpo_cd=
boxing_magazine-1999-12,ボクシング・マガジン,1999,12,1999年12月号,surugaya,asking,2026-09-04,ボクシングマガジン 1999/12,,品切れ,240,0,1,240,0,1,https://www.suruga-ya.jp/product/detail/ZSARE259?tenpo_cd=
boxing_magazine-1997-10,ボクシング・マガジン,1997,10,1997年10月号,surugaya,asking,2026-09-04,ボクシングマガジン 1997/10,,品切れ,240,0,1,240,0,1,https://www.suruga-ya.jp/product/detail/ZSARE254?tenpo_cd=
boxing_magazine-2000-11,ボクシング・マガジン,2000,11,2000年11月号,surugaya,asking,2026-09-04,ボクシングマガジン 2000/11,,品切れ,240,0,1,240,0,1,https://www.suruga-ya.jp/product/detail/ZSARE270?tenpo_cd=
boxing_magazine-2000-02,ボクシング・マガジン,2000,2,2000年2月号,surugaya,asking,2026-09-04,ボクシングマガジン 2000/2,,品切れ,240,0,1,240,0,1,https://www.suruga-ya.jp/product/detail/ZSARE261?tenpo_cd=
boxing_magazine-2000-05,ボクシング・マガジン,2000,5,2000年5月号,surugaya,asking,2026-09-04,ボクシングマガジン 2000/5,,品切れ,240,0,1,240,0,1,https://www.suruga-ya.jp/product/detail/ZSARE264?tenpo_cd=
boxing_magazine-1998-01,ボクシング・マガジン,1998,1,1998年1月号,surugaya,asking,2026-09-04,ボクシングマガジン 1998/1,,品切れ,240,0,1,240,0,1,https://www.suruga-ya.jp/product/detail/ZSARE244?tenpo_cd=
boxing_magazine-1997-06,ボクシング・マガジン,1997,6,1997年6月号,surugaya,asking,2026-09-04,ボクシングマガジン 1997/6,,品切れ,240,0,1,240,0,1,https://www.suruga-ya.jp/product/detail/ZSARE250?tenpo_cd=
boxing_magazine-1997-12,ボクシング・マガジン,1997,12,1997年12月号,surugaya,asking,2026-09-04,ボクシングマガジン 1997/12,,品切れ,240,0,1,240,0,1,https://www.suruga-ya.jp/product/detail/ZSARE256?tenpo_cd=
boxing_magazine-2000-07,ボクシング・マガジン,2000,7,2000年7月号,surugaya,asking,2026-09-04,ボクシングマガジン 2000/7,,品切れ,240,0,1,240,0,1,https://www.suruga-ya.jp/product/detail/ZSARE266?tenpo_cd=
boxing_magazine-1996-12,ボクシング・マガジン,1996,12,1996年12月号,surugaya,asking,2026-09-04,ボクシングマガジン 1996/12,,品切れ,240,0,1,240,0,1,https://www.suruga-ya.jp/product/detail/ZSARE283?tenpo_cd=
boxing_magazine-1997-02,ボクシング・マガジン,1997,2,1997年2月号,surugaya,asking,2026-09-04,ボクシングマガジン 1997/2,,品切れ,240,0,1,240,0,1,https://www.suruga-ya.jp/product/detail/ZSARE246?tenpo_cd=
boxing_magazine-1997-11,ボクシング・マガジン,1997,11,1997年11月号,surugaya,asking,2026-09-04,ボクシングマガジン 1997/11,,品切れ,240,0,1,240,0,1,https://www.suruga-ya.jp/product/detail/ZSARE255?tenpo_cd=
boxing_magazine-1997-05,ボクシング・マガジン,1997,5,1997年5月号,surugaya,asking,2026-09-04,ボクシングマガジン 1997/5,,品切れ,240,0,1,240,0,1,https://www.suruga-ya.jp/product/detail/ZSARE249?tenpo_cd=
boxing_magazine-2001-05,ボクシング・マガジン,2001,5,2001年5月号,surugaya,asking,2026-09-04,ボクシングマガジン 2001/5,,品切れ,240,0,1,240,0,1,https://www.suruga-ya.jp/product/detail/ZSARE276?tenpo_cd=
boxing_magazine-2000-03,ボクシング・マガジン,2000,3,2000年3月号,surugaya,asking,2026-09-04,ボクシングマガジン 2000/3,,品切れ,240,0,1,240,0,1,https://www.suruga-ya.jp/product/detail/ZSARE262?tenpo_cd=
boxing_magazine-2001-02,ボクシング・マガジン,2001,2,2001年2月号,surugaya,asking,2026-09-04,ボクシングマガジン 2001/2,,品切れ,240,0,1,240,0,1,https://www.suruga-ya.jp/product/detail/ZSARE273?tenpo_cd=
boxing_magazine-1996-07,ボクシング・マガジン,1996,7,1996年7月号,surugaya,asking,2026-09-04,ボクシングマガジン 1996/7,,品切れ,240,0,1,240,0,1,https://www.suruga-ya.jp/product/detail/ZSARE278?tenpo_cd=
boxing_magazine-1996-08,ボクシング・マガジン,1996,8,1996年8月号,surugaya,asking,2026-09-04,ボクシングマガジン 1996/8,,品切れ,240,0,1,240,0,1,https://www.suruga-ya.jp/product/detail/ZSARE279?tenpo_cd=
boxing_magazine-1998-01,ボクシング・マガジン,1998,1,1998年1月号,surugaya,asking,2026-09-04,不死鳥伝説 辰吉丈一郎 ボクシングマガジン 1998年1月号増刊,,品切れ,240,0,1,240,1,1,https://www.suruga-ya.jp/product/detail/ZSARE5731?tenpo_cd=
boxing_magazine-2000-01,ボクシング・マガジン,2000,1,2000年1月号,surugaya,asking,2026-09-04,付録付)ボクシングマガジン 2000/1(別冊付録1点),,品切れ,240,0,1,240,1,1,https://www.suruga-ya.jp/product/detail/ZSARE260?tenpo_cd=
boxing_magazine-2001-01,ボクシング・マガジン,2001,1,2001年1月号,surugaya,asking,2026-09-04,付録付)ボクシングマガジン 2001/1(別冊付録1点),,品切れ,240,0,1,240,1,1,https://www.suruga-ya.jp/product/detail/ZSARE272?tenpo_cd=
